{"IcoMoonType":"selection","icons":[{"icon":{"paths":["M192 51.2v204.8l102.4-102.4v-102.4z","M320 51.2v204.8l102.4-102.4v-102.4z"],"attrs":[{},{}],"width":614,"isMulticolor":false,"isMulticolor2":false,"grid":0,"tags":["quote1"],"colorPermutations":{"1255001":[{},{}]}},"attrs":[{},{}],"properties":{"order":160,"id":103,"name":"quote3","prevSize":32,"code":34},"setIdx":0,"setId":3,"iconIdx":0},{"icon":{"paths":["M490.79 379.605l-183.59-183.588-183.59 183.588h-42.42l-29.99-29.99v-42.42l256-255.995 256 255.995v42.42l-29.99 29.99z"],"attrs":[{}],"width":614,"isMulticolor":false,"isMulticolor2":false,"grid":0,"tags":["caret"],"colorPermutations":{"1255001":[{}]}},"attrs":[{}],"properties":{"order":159,"id":102,"name":"caret","prevSize":32,"code":94},"setIdx":0,"setId":3,"iconIdx":1},{"icon":{"paths":["M214.496 123.608v-42.42l29.988-29.988h42.42l113 113v42.42l-29.988 29.988h-42.42z"],"attrs":[{}],"width":614,"isMulticolor":false,"isMulticolor2":false,"grid":0,"tags":["backtic"],"colorPermutations":{"1255001":[{}]}},"attrs":[{}],"properties":{"order":158,"id":101,"name":"backtic","prevSize":32,"code":96},"setIdx":0,"setId":3,"iconIdx":2},{"icon":{"paths":["M256 51.2v204.8l102.4-102.4v-102.4z"],"attrs":[{}],"width":614,"isMulticolor":false,"isMulticolor2":false,"grid":0,"tags":["apostrophe"],"colorPermutations":{"1255001":[{}]}},"attrs":[{}],"properties":{"order":157,"id":100,"name":"single_quote1","prevSize":32,"code":8217},"setIdx":0,"setId":3,"iconIdx":3},{"icon":{"paths":["M413.994 537.599h42.42l29.99 29.99v42.42l-55.59 55.591h-247.212l-132.4-132.39 0.002-247.22 132.4-132.39h247.21l132.39 132.39-0.004 144.82-81.19 81.19h-237.056l-52.956-52.956v-98.888l52.956-52.956h151.844v102.4h42.792l21.21-21.21 0.004-59.98-72.41-72.41h-162.38l-72.41 72.41-0.003 162.38 72.41 72.41h162.382z"],"attrs":[{}],"width":614,"isMulticolor":false,"isMulticolor2":false,"grid":0,"tags":["at"],"colorPermutations":{"1255001":[{}]}},"attrs":[{}],"properties":{"order":156,"id":99,"name":"at","prevSize":32,"code":64},"setIdx":0,"setId":3,"iconIdx":4},{"icon":{"paths":["M256 51.2v716.8h102.4v-716.8z"],"attrs":[{}],"width":614,"isMulticolor":false,"isMulticolor2":false,"grid":0,"tags":["vertical"],"colorPermutations":{"1255001":[{}]}},"attrs":[{}],"properties":{"order":154,"id":98,"name":"vertical","prevSize":32,"code":124},"setIdx":0,"setId":3,"iconIdx":5},{"icon":{"paths":["M179.2 665.6v102.4h123.61l81.19-81.19v-179.2l51.2-51.2v-93.62l-51.2-51.2v-179.2l-81.19-81.19h-123.61v102.4h81.19l21.21 21.21v179.2l51.2 51.2v8.78l-51.2 51.2v179.2l-21.21 21.21z"],"attrs":[{}],"width":614,"isMulticolor":false,"isMulticolor2":false,"grid":0,"tags":["close_brace"],"colorPermutations":{"1255001":[{}]}},"attrs":[{}],"properties":{"order":153,"id":97,"name":"close_brace","prevSize":32,"code":125},"setIdx":0,"setId":3,"iconIdx":6},{"icon":{"paths":["M435.2 665.6v102.4h-123.61l-81.19-81.19v-179.2l-51.2-51.2v-93.62l51.2-51.2v-179.2l81.19-81.19h123.61v102.4h-81.19l-21.21 21.21v179.2l-51.2 51.2v8.78l51.2 51.2v179.2l21.21 21.21z"],"attrs":[{}],"width":614,"isMulticolor":false,"isMulticolor2":false,"grid":0,"tags":["open_brace"],"colorPermutations":{"1255001":[{}]}},"attrs":[{}],"properties":{"order":152,"id":96,"name":"open_brace","prevSize":32,"code":123},"setIdx":0,"setId":3,"iconIdx":7},{"icon":{"paths":["M132.39 307.2l-81.19 81.19v42.42l29.99 29.99h42.42l51.2-51.2h59.98l102.4 102.4h144.82l81.19-81.19v-42.42l-29.99-29.99h-42.42l-51.2 51.2h-59.98l-102.4-102.4z"],"attrs":[{}],"width":614,"isMulticolor":false,"isMulticolor2":false,"grid":0,"tags":["tilde"],"colorPermutations":{"1255001":[{}]}},"attrs":[{}],"properties":{"order":151,"id":95,"name":"tilde","prevSize":32,"code":126},"setIdx":0,"setId":3,"iconIdx":8},{"icon":{"paths":["M51.2 716.8v102.4h512v-102.4z"],"attrs":[{}],"width":614,"isMulticolor":false,"isMulticolor2":false,"grid":0,"tags":["underscore"],"colorPermutations":{"1255001":[{}]}},"attrs":[{}],"properties":{"order":149,"id":94,"name":"underscore","prevSize":32,"code":95},"setIdx":0,"setId":3,"iconIdx":9},{"icon":{"paths":["M435.2 768v-716.8h-256v102.4h153.6v512h-153.6v102.4z"],"attrs":[{}],"width":614,"isMulticolor":false,"isMulticolor2":false,"grid":0,"tags":["close_bracket"],"colorPermutations":{"1255001":[{}]}},"attrs":[{}],"properties":{"order":147,"id":93,"name":"close_bracket","prevSize":32,"code":93},"setIdx":0,"setId":3,"iconIdx":10},{"icon":{"paths":["M179.2 768v-716.8h256v102.4h-153.6v512h153.6v102.4z"],"attrs":[{}],"width":614,"isMulticolor":false,"isMulticolor2":false,"grid":0,"tags":["open_bracket"],"colorPermutations":{"1255001":[{}]}},"attrs":[{}],"properties":{"order":148,"id":92,"name":"open_bracket","prevSize":32,"code":91},"setIdx":0,"setId":3,"iconIdx":11},{"icon":{"paths":["M471.402 593.19l-183.588-183.59 183.588-183.59v-42.42l-29.99-29.99h-42.42l-255.995 256 255.995 256h42.42l29.99-29.99z"],"attrs":[{}],"width":614,"isMulticolor":false,"isMulticolor2":false,"grid":0,"tags":["less_than"],"colorPermutations":{"1255001":[{}]}},"attrs":[{}],"properties":{"order":144,"id":90,"name":"less_than","prevSize":32,"code":60},"setIdx":0,"setId":3,"iconIdx":12},{"icon":{"paths":["M142.998 593.19l183.588-183.59-183.588-183.59v-42.42l29.99-29.99h42.42l255.995 256-255.995 256h-42.42l-29.99-29.99z"],"attrs":[{}],"width":614,"isMulticolor":false,"isMulticolor2":false,"grid":0,"tags":["greater_than"],"colorPermutations":{"1255001":[{}]}},"attrs":[{}],"properties":{"order":143,"id":89,"name":"greater_than","prevSize":32,"code":62},"setIdx":0,"setId":3,"iconIdx":13},{"icon":{"paths":["M51.2 256v102.4h512v-102.4z","M51.2 460.8v102.4h512v-102.4z"],"attrs":[{},{}],"width":614,"isMulticolor":false,"isMulticolor2":false,"grid":0,"tags":["equals"],"colorPermutations":{"1255001":[{},{}]}},"attrs":[{},{}],"properties":{"order":142,"id":88,"name":"equals","prevSize":32,"code":61},"setIdx":0,"setId":3,"iconIdx":14},{"icon":{"paths":["M51.2 358.4v102.4h512v-102.4z"],"attrs":[{}],"width":614,"isMulticolor":false,"isMulticolor2":false,"grid":0,"tags":["D"],"colorPermutations":{"1255001":[{}]}},"attrs":[{}],"properties":{"order":141,"id":87,"name":"minus","prevSize":32,"code":45},"setIdx":0,"setId":3,"iconIdx":15},{"icon":{"paths":["M51.2 460.8h204.8v204.8h102.4v-204.8h204.8v-102.4h-204.8v-204.8h-102.4v204.8h-204.8z"],"attrs":[{}],"width":614,"isMulticolor":false,"isMulticolor2":false,"grid":0,"tags":["plus"],"colorPermutations":{"1255001":[{}]}},"attrs":[{}],"properties":{"order":140,"id":86,"name":"plus","prevSize":32,"code":43},"setIdx":0,"setId":3,"iconIdx":16},{"icon":{"paths":["M270.997 51.2l-72.409 72.409 36.203 36.203-36.203 36.206 72.409 72.406 36.203-36.203 36.203 36.203 72.409-72.406-36.203-36.206 36.203-36.203-72.409-72.409-36.203 36.203-36.203-36.203z"],"attrs":[{}],"width":614,"isMulticolor":false,"isMulticolor2":false,"grid":0,"tags":["asterisk"],"colorPermutations":{"1255001":[{}]}},"attrs":[{}],"properties":{"order":139,"id":85,"name":"asterisk","prevSize":32,"code":42},"setIdx":0,"setId":3,"iconIdx":17},{"icon":{"paths":["M132.39 51.2l-81.19 81.19v196.020l106.79 106.79-106.79 106.79v144.82l81.19 81.19h196.020l81.19-81.2 81.19 81.2h42.42l29.99-29.99v-42.42l-81.2-81.19 81.2-81.19v-42.42l-29.99-29.99h-42.42l-81.19 81.2-106.79-106.8 106.79-106.79v-196.020l-81.19-81.19zM174.81 153.6h111.18l21.21 21.21v111.18l-76.8 76.8-76.8-76.8v-111.18zM230.4 507.61l106.79 106.79-51.2 51.2h-111.18l-21.21-21.21v-59.98z"],"attrs":[{}],"width":614,"isMulticolor":false,"isMulticolor2":false,"grid":0,"tags":["ampersand"],"colorPermutations":{"1255001":[{}]}},"attrs":[{}],"properties":{"order":138,"id":84,"name":"ampersand","prevSize":32,"code":38},"setIdx":0,"setId":3,"iconIdx":18},{"icon":{"paths":["M508.005 460.8h-95.38l-54.71 54.71v95.38l54.71 54.71h95.38l54.71-54.71v-95.38z","M490.79 153.6l-439.59 439.59v42.42l29.99 29.99h42.42l439.59-439.59v-42.42l-29.99-29.99z","M201.29 153.6h-95.38l-54.71 54.71v95.38l54.71 54.71h95.38l54.71-54.71v-95.38z"],"attrs":[{},{},{}],"width":614,"isMulticolor":false,"isMulticolor2":false,"grid":0,"tags":["percent"],"colorPermutations":{"1255001":[{},{},{}]}},"attrs":[{},{},{}],"properties":{"order":137,"id":83,"name":"percent","prevSize":32,"code":37},"setIdx":0,"setId":3,"iconIdx":19},{"icon":{"paths":["M183.59 51.2l-132.39 132.39v144.82l132.39 132.39h204.8l72.41 72.41v59.98l-72.41 72.41h-29.99v-665.6h-102.4v665.6h-204.8v102.4h204.8v51.2h102.4v-51.2h72.41l132.39-132.39v-144.82l-132.39-132.39h-204.8l-72.41-72.41v-59.98l72.41-72.41h337.19v-102.4z"],"attrs":[{}],"width":614,"isMulticolor":false,"isMulticolor2":false,"grid":0,"tags":["dollar_sign"],"colorPermutations":{"1255001":[{}]}},"attrs":[{}],"properties":{"order":136,"id":82,"name":"dollar_sign","prevSize":32,"code":36},"setIdx":0,"setId":3,"iconIdx":20},{"icon":{"paths":["M51.2 665.6h102.4v102.4h102.4v-102.4h102.4v102.4h102.4v-102.4h102.4v-102.4h-102.4v-307.2h102.4v-102.4h-102.4v-102.4h-102.4v102.4h-102.4v-102.4h-102.4v102.4h-102.4v102.4h102.4v307.2h-102.4zM256 563.2v-307.2h102.4v307.2z"],"attrs":[{}],"width":614,"isMulticolor":false,"isMulticolor2":false,"grid":0,"tags":["hash"],"colorPermutations":{"1255001":[{}]}},"attrs":[{}],"properties":{"order":135,"id":81,"name":"hash","prevSize":32,"code":35},"setIdx":0,"setId":3,"iconIdx":21},{"icon":{"paths":["M307.201 583.157l184.84 184.843h71.159v-71.157l-440.843-440.843h-71.157v71.156l184.843 184.843-184.843 184.843v71.158l71.16 0.001z"],"attrs":[{}],"width":614,"isMulticolor":false,"isMulticolor2":false,"grid":0,"tags":["logo_solid"],"colorPermutations":{"1255001":[{}]}},"attrs":[{}],"properties":{"order":134,"id":80,"name":"logo_solid","prevSize":32,"code":8601},"setIdx":0,"setId":3,"iconIdx":22},{"icon":{"paths":["M307.201 583.157l184.84 184.843h71.159v-71.157l-440.843-440.843h-71.157v71.156l184.843 184.843-184.843 184.843v71.158l71.16 0.001zM68.272 273.072h47l430.867 430.867v47h-47l-191.933-191.933-191.933 191.933h-47v-47l191.933-191.933-191.933-191.933z"],"attrs":[{}],"width":614,"isMulticolor":false,"isMulticolor2":false,"grid":0,"tags":["logo"],"colorPermutations":{"1255001":[{}]}},"attrs":[{}],"properties":{"order":133,"id":79,"name":"logo","prevSize":32,"code":8665},"setIdx":0,"setId":3,"iconIdx":23},{"icon":{"paths":["M358.4 256v-204.8l-102.4 102.4v102.4z"],"attrs":[{}],"width":614,"isMulticolor":false,"isMulticolor2":false,"grid":0,"tags":["single_quote1"],"colorPermutations":{"1255001":[{}]}},"attrs":[{}],"properties":{"order":130,"id":78,"name":"single_quote2","prevSize":32,"code":8216},"setIdx":0,"setId":3,"iconIdx":24},{"icon":{"paths":["M422.4 256v-204.8l-102.4 102.4v102.4z","M294.4 256v-204.8l-102.4 102.4v102.4z"],"attrs":[{},{}],"width":614,"isMulticolor":false,"isMulticolor2":false,"grid":0,"tags":["quote2"],"colorPermutations":{"1255001":[{},{}]}},"attrs":[{},{}],"properties":{"order":129,"id":77,"name":"quote2","prevSize":32,"code":8220},"setIdx":0,"setId":3,"iconIdx":25},{"icon":{"paths":["M192 51.2v204.8l102.4-102.4v-102.4z","M320 51.2v204.8l102.4-102.4v-102.4z"],"attrs":[{},{}],"width":614,"isMulticolor":false,"isMulticolor2":false,"grid":0,"tags":["quote1"],"colorPermutations":{"1255001":[{},{}]}},"attrs":[{},{}],"properties":{"order":128,"id":76,"name":"quote1","prevSize":32,"code":8221},"setIdx":0,"setId":3,"iconIdx":26},{"icon":{"paths":["M256 51.2v204.8l102.4-102.4v-102.4z"],"attrs":[{}],"width":614,"isMulticolor":false,"isMulticolor2":false,"grid":0,"tags":["apostrophe"],"colorPermutations":{"1255001":[{}]}},"attrs":[{}],"properties":{"order":125,"id":75,"name":"apostrophe","prevSize":32,"code":39},"setIdx":0,"setId":3,"iconIdx":27},{"icon":{"paths":["M123.61 153.6l439.59 439.59v42.42l-29.99 29.99h-42.42l-439.59-439.59v-42.42l29.99-29.99z"],"attrs":[{}],"width":614,"isMulticolor":false,"isMulticolor2":false,"grid":0,"tags":["back_slash"],"colorPermutations":{"1255001":[{}]}},"attrs":[{}],"properties":{"order":124,"id":74,"name":"back_slash","prevSize":32,"code":92},"setIdx":0,"setId":3,"iconIdx":28},{"icon":{"paths":["M490.79 153.6l-439.59 439.59v42.42l29.99 29.99h42.42l439.59-439.59v-42.42l-29.99-29.99z"],"attrs":[{}],"width":614,"isMulticolor":false,"isMulticolor2":false,"grid":0,"tags":["forward_slash"],"colorPermutations":{"1255001":[{}]}},"attrs":[{}],"properties":{"order":123,"id":73,"name":"forward_slash","prevSize":32,"code":47},"setIdx":0,"setId":3,"iconIdx":29},{"icon":{"paths":["M179.2 153.6h81.19l72.41 72.41v367.18l-72.41 72.41h-81.19v102.4h123.61l132.39-132.39v-452.020l-132.39-132.39h-123.61z"],"attrs":[{}],"width":614,"isMulticolor":false,"isMulticolor2":false,"grid":0,"tags":["close_paren"],"colorPermutations":{"1255001":[{}]}},"attrs":[{}],"properties":{"order":120,"id":72,"name":"close_paren","prevSize":32,"code":41},"setIdx":0,"setId":3,"iconIdx":30},{"icon":{"paths":["M435.2 153.6h-81.19l-72.41 72.41v367.18l72.41 72.41h81.19v102.4h-123.61l-132.39-132.39v-452.020l132.39-132.39h123.61z"],"attrs":[{}],"width":614,"isMulticolor":false,"isMulticolor2":false,"grid":0,"tags":["open_paren"],"colorPermutations":{"1255001":[{}]}},"attrs":[{}],"properties":{"order":122,"id":70,"name":"open_paren","prevSize":32,"code":40},"setIdx":0,"setId":3,"iconIdx":31},{"icon":{"paths":["M256 665.6v102.4h102.4v-102.4z","M358.4 460.8h72.41l132.39-132.39v-144.82l-132.39-132.39h-247.22l-132.39 132.39v42.42l29.99 29.99h42.42l102.4-102.4h162.38l72.41 72.41v59.98l-72.41 72.41h-132.39l0 204.8h102.4z"],"attrs":[{},{}],"width":614,"isMulticolor":false,"isMulticolor2":false,"grid":0,"tags":["question"],"colorPermutations":{"1255001":[{},{}]}},"attrs":[{},{}],"properties":{"order":118,"id":69,"name":"question","prevSize":32,"code":63},"setIdx":0,"setId":3,"iconIdx":32},{"icon":{"paths":["M256 665.6v102.4h102.4v-102.4z","M256 51.2v512h102.4v-512z"],"attrs":[{},{}],"width":614,"isMulticolor":false,"isMulticolor2":false,"grid":0,"tags":["exclam"],"colorPermutations":{"1255001":[{},{}]}},"attrs":[{},{}],"properties":{"order":117,"id":68,"name":"exclam","prevSize":32,"code":33},"setIdx":0,"setId":3,"iconIdx":33},{"icon":{"paths":["M256 204.8v102.4h102.4v-102.4z","M256 512v102.4h102.4v-102.4z"],"attrs":[{},{}],"width":614,"isMulticolor":false,"isMulticolor2":false,"grid":0,"tags":["colon"],"colorPermutations":{"1255001":[{},{}]}},"attrs":[{},{}],"properties":{"order":114,"id":67,"name":"colon","prevSize":32,"code":58},"setIdx":0,"setId":3,"iconIdx":34},{"icon":{"paths":["M256 665.6v204.8l102.4-102.4v-102.4z"],"attrs":[{}],"width":614,"isMulticolor":false,"isMulticolor2":false,"grid":0,"tags":["comma"],"colorPermutations":{"1255001":[{}]}},"attrs":[{}],"properties":{"order":115,"id":66,"name":"comma","prevSize":32,"code":44},"setIdx":0,"setId":3,"iconIdx":35},{"icon":{"paths":["M256 204.8v102.4h102.4v-102.4z","M256 512v204.8l102.4-102.4v-102.4z"],"attrs":[{},{}],"width":614,"isMulticolor":false,"isMulticolor2":false,"grid":0,"tags":["semicolon"],"colorPermutations":{"1255001":[{},{}]}},"attrs":[{},{}],"properties":{"order":116,"id":65,"name":"semicolon","prevSize":32,"code":59},"setIdx":0,"setId":3,"iconIdx":36},{"icon":{"paths":["M563.2 183.59l-132.39-132.39h-247.22l-132.39 132.39v452.020l132.39 132.39h247.22l132.39-132.39zM226.010 153.6h162.38l72.41 72.41v367.19l-72.41 72.4h-162.38l-72.41-72.41v-367.18z","M256 358.4v102.4h102.4v-102.4z"],"attrs":[{},{}],"width":614,"isMulticolor":false,"isMulticolor2":false,"grid":0,"tags":["0"],"colorPermutations":{"1255001":[{},{}]}},"attrs":[{},{}],"properties":{"order":104,"id":64,"name":"0","prevSize":32,"code":48},"setIdx":0,"setId":3,"iconIdx":37},{"icon":{"paths":["M563.2 768v-102.4h-204.8v-614.4h-72.41l-102.4 102.4h-102.394l-29.996 29.996v42.409l29.996 29.996h144.814l29.99-29.99v439.59h-204.8v102.4z"],"attrs":[{}],"width":614,"isMulticolor":false,"isMulticolor2":false,"grid":0,"tags":["1"],"colorPermutations":{"1255001":[{}]}},"attrs":[{}],"properties":{"order":105,"id":63,"name":"1","prevSize":32,"code":49},"setIdx":0,"setId":3,"iconIdx":38},{"icon":{"paths":["M563.2 768v-102.4h-409.6v-132.39l72.41-72.41h204.8l132.39-132.39v-144.82l-132.39-132.39h-247.22l-132.39 132.39v42.42l29.99 29.99h42.42l102.4-102.4h162.38l72.41 72.41v59.98l-72.41 72.41h-204.8l-132.39 132.39v277.21z"],"attrs":[{}],"width":614,"isMulticolor":false,"isMulticolor2":false,"grid":0,"tags":["2"],"colorPermutations":{"1255001":[{}]}},"attrs":[{}],"properties":{"order":106,"id":62,"name":"2","prevSize":32,"code":50},"setIdx":0,"setId":3,"iconIdx":39},{"icon":{"paths":["M183.59 51.2l-132.39 132.39v42.42l29.99 29.99h42.42l102.4-102.4h162.38l72.41 72.41v59.98l-72.41 72.41h-204.795l-29.995 29.995-0 42.409 29.995 29.995h204.795l72.41 72.41v59.98l-72.41 72.41h-162.38l-102.4-102.4h-42.42l-29.99 29.99v42.42l132.39 132.39h247.22l132.39-132.39v-144.82l-81.19-81.19 81.19-81.19v-144.82l-132.39-132.39z"],"attrs":[{}],"width":614,"isMulticolor":false,"isMulticolor2":false,"grid":0,"tags":["3"],"colorPermutations":{"1255001":[{}]}},"attrs":[{}],"properties":{"order":107,"id":61,"name":"3","prevSize":32,"code":51},"setIdx":0,"setId":3,"iconIdx":40},{"icon":{"paths":["M260.39 51.2l-209.19 209.19v200.41h281.6v307.2h102.4v-307.2h128v-102.4h-128v-307.2zM302.81 153.6h29.99v204.8h-179.2v-55.59z"],"attrs":[{}],"width":614,"isMulticolor":false,"isMulticolor2":false,"grid":0,"tags":["4"],"colorPermutations":{"1255001":[{}]}},"attrs":[{}],"properties":{"order":108,"id":60,"name":"4","prevSize":32,"code":52},"setIdx":0,"setId":3,"iconIdx":41},{"icon":{"paths":["M153.6 153.6v132.39l72.41 72.41h204.8l132.39 132.39v144.82l-132.39 132.39h-247.22l-132.39-132.39v-42.42l29.99-29.99h42.42l102.4 102.4h162.38l72.41-72.41v-59.98l-72.41-72.41h-204.8l-132.39-132.39v-277.21h512v102.4z"],"attrs":[{}],"width":614,"isMulticolor":false,"isMulticolor2":false,"grid":0,"tags":["5"],"colorPermutations":{"1255001":[{}]}},"attrs":[{}],"properties":{"order":109,"id":59,"name":"5","prevSize":32,"code":53},"setIdx":0,"setId":3,"iconIdx":42},{"icon":{"paths":["M51.2 635.61l132.39 132.39h247.22l132.39-132.39v-144.82l-132.39-132.39h-247.22l-29.99 29.99v-162.38l72.41-72.41h162.38l102.4 102.4h42.42l29.99-29.99v-42.42l-132.39-132.39h-247.22l-132.39 132.39zM226.010 460.8h162.38l72.41 72.41v59.98l-72.41 72.41h-162.38l-72.41-72.41v-59.99z"],"attrs":[{}],"width":614,"isMulticolor":false,"isMulticolor2":false,"grid":0,"tags":["6"],"colorPermutations":{"1255001":[{}]}},"attrs":[{}],"properties":{"order":110,"id":58,"name":"6","prevSize":32,"code":54},"setIdx":0,"setId":3,"iconIdx":43},{"icon":{"paths":["M460.8 153.6v132.39l-409.6 409.6v42.42l29.99 29.99h42.42l439.59-439.59v-277.21h-512v102.4z"],"attrs":[{}],"width":614,"isMulticolor":false,"isMulticolor2":false,"grid":0,"tags":["7"],"colorPermutations":{"1255001":[{}]}},"attrs":[{}],"properties":{"order":111,"id":57,"name":"7","prevSize":32,"code":55},"setIdx":0,"setId":3,"iconIdx":44},{"icon":{"paths":["M51.2 635.61l132.39 132.39h247.22l132.39-132.39v-144.82l-81.19-81.19 81.19-81.19v-144.82l-132.39-132.39h-247.22l-132.39 132.39v144.82l81.19 81.19-81.19 81.19zM226.010 153.6h162.38l72.41 72.41v59.98l-72.41 72.41h-162.38l-72.41-72.41v-59.99zM226.010 460.8h162.38l72.41 72.41v59.98l-72.41 72.41h-162.38l-72.41-72.41v-59.99z"],"attrs":[{}],"width":614,"isMulticolor":false,"isMulticolor2":false,"grid":0,"tags":["8"],"colorPermutations":{"1255001":[{}]}},"attrs":[{}],"properties":{"order":112,"id":56,"name":"8","prevSize":32,"code":56},"setIdx":0,"setId":3,"iconIdx":45},{"icon":{"paths":["M563.2 183.59l-132.39-132.39h-247.22l-132.39 132.39v144.82l132.39 132.39h247.22l29.99-29.99v162.38l-72.41 72.41h-162.38l-102.4-102.4h-42.42l-29.99 29.99v42.42l132.39 132.39h247.22l132.39-132.39zM388.39 358.4h-162.38l-72.41-72.41v-59.98l72.41-72.41h162.38l72.41 72.41v59.99z"],"attrs":[{}],"width":614,"isMulticolor":false,"isMulticolor2":false,"grid":0,"tags":["9"],"colorPermutations":{"1255001":[{}]}},"attrs":[{}],"properties":{"order":113,"id":55,"name":"9","prevSize":32,"code":57},"setIdx":0,"setId":3,"iconIdx":46},{"icon":{"paths":["M256 665.6v102.4h102.4v-102.4z"],"attrs":[{}],"width":614,"isMulticolor":false,"isMulticolor2":false,"grid":0,"tags":["period"],"colorPermutations":{"1255001":[{}]}},"attrs":[{}],"properties":{"order":103,"id":54,"name":"period","prevSize":32,"code":46},"setIdx":0,"setId":3,"iconIdx":47},{"icon":{"paths":["M563.2 183.59l-132.39-132.39h-247.22l-132.39 132.39v584.41h102.4v-307.2h307.2v307.2h102.4zM153.6 358.4v-132.39l72.41-72.41h162.38l72.41 72.41v132.39z"],"attrs":[{}],"width":614,"isMulticolor":false,"isMulticolor2":false,"grid":0,"tags":["cap_A"],"colorPermutations":{"1255001":[{}]}},"attrs":[{}],"properties":{"order":62,"id":53,"name":"cap_A","prevSize":32,"code":65},"setIdx":0,"setId":3,"iconIdx":48},{"icon":{"paths":["M51.2 51.2v716.8h379.61l132.39-132.39v-144.82l-81.19-81.19 81.19-81.19v-144.82l-132.39-132.39zM153.6 358.4v-204.8h234.79l72.41 72.41v59.98l-72.41 72.41zM388.39 460.8l72.41 72.41v59.98l-72.41 72.41h-234.79v-204.8z"],"attrs":[{}],"width":614,"isMulticolor":false,"isMulticolor2":false,"grid":0,"tags":["cap_B"],"colorPermutations":{"1255001":[{}]}},"attrs":[{}],"properties":{"order":63,"id":52,"name":"cap_B","prevSize":32,"code":66},"setIdx":0,"setId":3,"iconIdx":49},{"icon":{"paths":["M183.59 51.2l-132.39 132.39v452.020l132.39 132.39h247.22l132.39-132.39v-42.42l-29.99-29.99h-42.42l-102.4 102.4h-162.38l-72.41-72.41v-367.18l72.41-72.41h162.38l102.4 102.4h42.42l29.99-29.99v-42.42l-132.39-132.39z"],"attrs":[{}],"width":614,"isMulticolor":false,"isMulticolor2":false,"grid":0,"tags":["cap_C"],"colorPermutations":{"1255001":[{}]}},"attrs":[{}],"properties":{"order":64,"id":51,"name":"cap_C","prevSize":32,"code":67},"setIdx":0,"setId":3,"iconIdx":50},{"icon":{"paths":["M51.2 768h379.61l132.39-132.39v-452.020l-132.39-132.39h-379.61zM153.6 153.6h234.79l72.41 72.41v367.18l-72.41 72.41h-234.79z"],"attrs":[{}],"width":614,"isMulticolor":false,"isMulticolor2":false,"grid":0,"tags":["cap_D"],"colorPermutations":{"1255001":[{}]}},"attrs":[{}],"properties":{"order":65,"id":50,"name":"cap_D","prevSize":32,"code":68},"setIdx":0,"setId":3,"iconIdx":51},{"icon":{"paths":["M51.2 768h512v-102.4h-409.6v-204.8h307.2v-102.4h-307.2v-204.8h409.6v-102.4h-512z"],"attrs":[{}],"width":614,"isMulticolor":false,"isMulticolor2":false,"grid":0,"tags":["cap_E"],"colorPermutations":{"1255001":[{}]}},"attrs":[{}],"properties":{"order":66,"id":49,"name":"cap_E","prevSize":32,"code":69},"setIdx":0,"setId":3,"iconIdx":52},{"icon":{"paths":["M51.2 768h102.4v-307.2h307.2v-102.4h-307.2v-204.8h409.6v-102.4h-512z"],"attrs":[{}],"width":614,"isMulticolor":false,"isMulticolor2":false,"grid":0,"tags":["cap_F"],"colorPermutations":{"1255001":[{}]}},"attrs":[{}],"properties":{"order":67,"id":48,"name":"cap_F","prevSize":32,"code":70},"setIdx":0,"setId":3,"iconIdx":53},{"icon":{"paths":["M183.59 51.2l-132.39 132.39v452.020l132.39 132.39h247.22l132.39-132.39v-196.020l-81.19-81.19h-144.815l-29.995 29.995v42.409l29.995 29.995h102.395l21.21 21.21v111.18l-72.41 72.41h-162.38l-72.41-72.41v-367.18l72.41-72.41h162.38l102.4 102.4h42.42l29.99-29.99v-42.42l-132.39-132.39z"],"attrs":[{}],"width":614,"isMulticolor":false,"isMulticolor2":false,"grid":0,"tags":["cap_G"],"colorPermutations":{"1255001":[{}]}},"attrs":[{}],"properties":{"order":99,"id":47,"name":"cap_G","prevSize":32,"code":71},"setIdx":0,"setId":3,"iconIdx":54},{"icon":{"paths":["M563.2 51.2h-102.4v307.2h-307.2v-307.2h-102.4v716.8h102.4v-307.2h307.2v307.2h102.4z"],"attrs":[{}],"width":614,"isMulticolor":false,"isMulticolor2":false,"grid":0,"tags":["cap_H"],"colorPermutations":{"1255001":[{}]}},"attrs":[{}],"properties":{"order":100,"id":46,"name":"cap_H","prevSize":32,"code":72},"setIdx":0,"setId":3,"iconIdx":55},{"icon":{"paths":["M563.2 768v-102.4h-204.8v-512h204.8v-102.4h-512v102.4h204.8v512h-204.8v102.4z"],"attrs":[{}],"width":614,"isMulticolor":false,"isMulticolor2":false,"grid":0,"tags":["cap_I"],"colorPermutations":{"1255001":[{}]}},"attrs":[{}],"properties":{"order":101,"id":45,"name":"cap_I","prevSize":32,"code":73},"setIdx":0,"setId":3,"iconIdx":56},{"icon":{"paths":["M563.2 51.2h-102.4v541.99l-72.41 72.41h-162.38l-102.4-102.4h-42.42l-29.99 29.99v42.42l132.39 132.39h247.22l132.39-132.39z"],"attrs":[{}],"width":614,"isMulticolor":false,"isMulticolor2":false,"grid":0,"tags":["cap_J"],"colorPermutations":{"1255001":[{}]}},"attrs":[{}],"properties":{"order":102,"id":44,"name":"cap_J","prevSize":32,"code":74},"setIdx":0,"setId":3,"iconIdx":57},{"icon":{"paths":["M153.6 51.2h-102.4v716.8h102.4v-307.2h29.99l307.2 307.2h42.42l29.99-29.99v-42.42l-285.99-285.99 285.99-285.99v-42.42l-29.99-29.99h-42.42l-307.2 307.2h-29.99z"],"attrs":[{}],"width":614,"isMulticolor":false,"isMulticolor2":false,"grid":0,"tags":["cap_K"],"colorPermutations":{"1255001":[{}]}},"attrs":[{}],"properties":{"order":93,"id":43,"name":"cap_K","prevSize":32,"code":75},"setIdx":0,"setId":3,"iconIdx":58},{"icon":{"paths":["M51.2 51.2v716.8h512v-102.4h-409.6v-614.4z"],"attrs":[{}],"width":614,"isMulticolor":false,"isMulticolor2":false,"grid":0,"tags":["cap_L"],"colorPermutations":{"1255001":[{}]}},"attrs":[{}],"properties":{"order":80,"id":42,"name":"cap_L","prevSize":32,"code":76},"setIdx":0,"setId":3,"iconIdx":59},{"icon":{"paths":["M51.2 51.2v716.8h102.4v-614.4h29.99l72.41 72.41v132.39h102.4v-132.39l72.41-72.41h29.99v614.4h102.4v-716.8h-174.81l-81.19 81.19-81.19-81.19z"],"attrs":[{}],"width":614,"isMulticolor":false,"isMulticolor2":false,"grid":0,"tags":["cap_M"],"colorPermutations":{"1255001":[{}]}},"attrs":[{}],"properties":{"order":81,"id":41,"name":"cap_M","prevSize":32,"code":77},"setIdx":0,"setId":3,"iconIdx":60},{"icon":{"paths":["M563.2 51.2h-102.4v439.59l-307.2-307.2v-132.39h-102.4v716.8h102.4v-439.59l307.2 307.2v132.39h102.4z"],"attrs":[{}],"width":614,"isMulticolor":false,"isMulticolor2":false,"grid":0,"tags":["cap_N"],"colorPermutations":{"1255001":[{}]}},"attrs":[{}],"properties":{"order":82,"id":40,"name":"cap_N","prevSize":32,"code":78},"setIdx":0,"setId":3,"iconIdx":61},{"icon":{"paths":["M183.59 51.2l-132.39 132.39v452.020l132.39 132.39h247.22l132.39-132.39v-452.020l-132.39-132.39zM226.010 153.6h162.38l72.41 72.41v367.19l-72.41 72.4h-162.38l-72.41-72.41v-367.18z"],"attrs":[{}],"width":614,"isMulticolor":false,"isMulticolor2":false,"grid":0,"tags":["cap_O"],"colorPermutations":{"1255001":[{}]}},"attrs":[{}],"properties":{"order":83,"id":39,"name":"cap_O","prevSize":32,"code":79},"setIdx":0,"setId":3,"iconIdx":62},{"icon":{"paths":["M153.6 460.8h277.21l132.39-132.39v-144.82l-132.39-132.39h-379.61v716.8h102.4zM153.6 153.6h234.79l72.41 72.41v59.98l-72.41 72.41h-234.79z"],"attrs":[{}],"width":614,"isMulticolor":false,"isMulticolor2":false,"grid":0,"tags":["cap_P"],"colorPermutations":{"1255001":[{}]}},"attrs":[{}],"properties":{"order":84,"id":38,"name":"cap_P","prevSize":32,"code":80},"setIdx":0,"setId":3,"iconIdx":63},{"icon":{"paths":["M183.59 51.2l-132.39 132.39v452.020l132.39 132.39h102.4l102.4 102.4h174.81v-102.4h-132.39l132.39-132.39v-452.020l-132.39-132.39zM226.010 665.6l-72.41-72.41v-367.18l72.41-72.41h162.38l72.41 72.41v367.18l-72.41 72.41z"],"attrs":[{}],"width":614,"isMulticolor":false,"isMulticolor2":false,"grid":0,"tags":["cap_Q"],"colorPermutations":{"1255001":[{}]}},"attrs":[{}],"properties":{"order":85,"id":37,"name":"cap_Q","prevSize":32,"code":81},"setIdx":0,"setId":3,"iconIdx":64},{"icon":{"paths":["M563.2 490.79l-81.19-81.19 81.19-81.19v-144.82l-132.39-132.39h-379.61v716.8h102.4v-307.2h234.79l72.41 72.41v234.79h102.4zM153.6 153.6h234.79l72.41 72.41v59.98l-72.41 72.41h-234.79z"],"attrs":[{}],"width":614,"isMulticolor":false,"isMulticolor2":false,"grid":0,"tags":["cap_R"],"colorPermutations":{"1255001":[{}]}},"attrs":[{}],"properties":{"order":86,"id":36,"name":"cap_R","prevSize":32,"code":82},"setIdx":0,"setId":3,"iconIdx":65},{"icon":{"paths":["M183.59 51.2l-132.39 132.39v144.82l132.39 132.39h204.8l72.41 72.41v59.98l-72.41 72.41h-337.19v102.4h379.61l132.39-132.39v-144.82l-132.39-132.39h-204.8l-72.41-72.41v-59.98l72.41-72.41h337.19v-102.4z"],"attrs":[{}],"width":614,"isMulticolor":false,"isMulticolor2":false,"grid":0,"tags":["cap_S"],"colorPermutations":{"1255001":[{}]}},"attrs":[{}],"properties":{"order":87,"id":35,"name":"cap_S","prevSize":32,"code":83},"setIdx":0,"setId":3,"iconIdx":66},{"icon":{"paths":["M358.4 153.6h204.8v-102.4h-512v102.4h204.8v614.4h102.4z"],"attrs":[{}],"width":614,"isMulticolor":false,"isMulticolor2":false,"grid":0,"tags":["cap_T"],"colorPermutations":{"1255001":[{}]}},"attrs":[{}],"properties":{"order":88,"id":34,"name":"cap_T","prevSize":32,"code":84},"setIdx":0,"setId":3,"iconIdx":67},{"icon":{"paths":["M563.2 51.2h-102.4v541.99l-72.41 72.41h-162.38l-72.41-72.41v-541.99h-102.4v584.41l132.39 132.39h247.22l132.39-132.39z"],"attrs":[{}],"width":614,"isMulticolor":false,"isMulticolor2":false,"grid":0,"tags":["cap_U"],"colorPermutations":{"1255001":[{}]}},"attrs":[{}],"properties":{"order":79,"id":33,"name":"cap_U","prevSize":32,"code":85},"setIdx":0,"setId":3,"iconIdx":68},{"icon":{"paths":["M563.2 51.2h-102.4v439.59l-153.6 153.61-153.6-153.61v-439.59h-102.4v482.010l234.79 234.79h42.42l234.79-234.79z"],"attrs":[{}],"width":614,"isMulticolor":false,"isMulticolor2":false,"grid":0,"tags":["cap_V"],"colorPermutations":{"1255001":[{}]}},"attrs":[{}],"properties":{"order":89,"id":32,"name":"cap_V","prevSize":32,"code":86},"setIdx":0,"setId":3,"iconIdx":69},{"icon":{"paths":["M183.59 768l-132.39-132.39v-584.41h102.4v541.99l51.2 51.21 51.2-51.21v-132.39h102.4v132.39l51.2 51.21 51.2-51.21v-541.99h102.4v584.41l-132.39 132.39h-42.42l-81.19-81.19-81.19 81.19z"],"attrs":[{}],"width":614,"isMulticolor":false,"isMulticolor2":false,"grid":0,"tags":["cap_W"],"colorPermutations":{"1255001":[{}]}},"attrs":[{}],"properties":{"order":90,"id":31,"name":"cap_W","prevSize":32,"code":87},"setIdx":0,"setId":3,"iconIdx":70},{"icon":{"paths":["M51.2 695.59v42.42l29.99 29.99h42.42l183.587-183.592 183.592 183.592h42.42l29.99-29.99v-42.42l-183.595-183.59v-204.8l183.595-183.59v-42.42l-29.989-29.99h-42.421l-183.592 183.592-183.588-183.592h-42.42l-29.99 29.99v42.42l183.588 183.59v204.8z"],"attrs":[{}],"width":614,"isMulticolor":false,"isMulticolor2":false,"grid":0,"tags":["cap_X"],"colorPermutations":{"1255001":[{}]}},"attrs":[{}],"properties":{"order":91,"id":30,"name":"cap_X","prevSize":32,"code":88},"setIdx":0,"setId":3,"iconIdx":71},{"icon":{"paths":["M153.6 183.59l153.6 153.6 153.6-153.6v-132.39h102.4v174.81l-204.8 204.802v337.188h-102.4v-337.19l-204.8-204.8v-174.81h102.4z"],"attrs":[{}],"width":614,"isMulticolor":false,"isMulticolor2":false,"grid":0,"tags":["cap_Y"],"colorPermutations":{"1255001":[{}]}},"attrs":[{}],"properties":{"order":92,"id":29,"name":"cap_Y","prevSize":32,"code":89},"setIdx":0,"setId":3,"iconIdx":72},{"icon":{"paths":["M563.2 768v-102.4h-409.6v-132.39l72.41-72.41h204.8l132.39-132.39v-277.21h-512v102.4h409.6v132.39l-72.41 72.41h-204.8l-132.39 132.39v277.21z"],"attrs":[{}],"width":614,"isMulticolor":false,"isMulticolor2":false,"grid":0,"tags":["cap_Z"],"colorPermutations":{"1255001":[{}]}},"attrs":[{}],"properties":{"order":94,"id":28,"name":"cap_Z","prevSize":32,"code":90},"setIdx":0,"setId":3,"iconIdx":73},{"icon":{"paths":["M563.2 256h-102.4v29.99l-29.99-29.99h-247.22l-132.39 132.39v247.22l132.39 132.39h247.22l29.99-29.99v29.99h102.4zM460.8 593.19l-72.41 72.41h-162.38l-72.41-72.41v-162.38l72.41-72.41h162.38l72.41 72.41z"],"attrs":[{}],"width":614,"isMulticolor":false,"isMulticolor2":false,"grid":0,"tags":["a"],"colorPermutations":{"1255001":[{}]}},"attrs":[{}],"properties":{"order":95,"id":27,"name":"a","prevSize":32,"code":97},"setIdx":0,"setId":3,"iconIdx":74},{"icon":{"paths":["M153.6 51.2h-102.4v716.8h102.4v-29.99l29.99 29.99h247.22l132.39-132.39v-247.22l-132.39-132.39h-247.22l-29.99 29.99zM153.6 430.81l72.41-72.41h162.38l72.41 72.41v162.38l-72.41 72.41h-162.38l-72.41-72.41z"],"attrs":[{}],"width":614,"isMulticolor":false,"isMulticolor2":false,"grid":0,"tags":["b"],"colorPermutations":{"1255001":[{}]}},"attrs":[{}],"properties":{"order":96,"id":26,"name":"b","prevSize":32,"code":98},"setIdx":0,"setId":3,"iconIdx":75},{"icon":{"paths":["M533.21 409.6l29.99-29.99v-42.42l-81.19-81.19h-298.42l-132.39 132.39v247.22l132.39 132.39h298.42l81.192-81.19v-42.42l-29.992-29.99h-42.42l-51.2 51.2h-213.58l-72.41-72.41v-162.38l72.41-72.41h213.58l51.2 51.2z"],"attrs":[{}],"width":614,"isMulticolor":false,"isMulticolor2":false,"grid":0,"tags":["c"],"colorPermutations":{"1255001":[{}]}},"attrs":[{}],"properties":{"order":97,"id":25,"name":"c","prevSize":32,"code":99},"setIdx":0,"setId":3,"iconIdx":76},{"icon":{"paths":["M563.2 51.2h-102.4v234.79l-29.99-29.99h-247.22l-132.39 132.39v247.22l132.39 132.39h247.22l29.99-29.99v29.99h102.4zM460.8 593.19l-72.41 72.41h-162.38l-72.41-72.41v-162.38l72.41-72.41h162.38l72.41 72.41z"],"attrs":[{}],"width":614,"isMulticolor":false,"isMulticolor2":false,"grid":0,"tags":["d"],"colorPermutations":{"1255001":[{}]}},"attrs":[{}],"properties":{"order":98,"id":24,"name":"d","prevSize":32,"code":100},"setIdx":0,"setId":3,"iconIdx":77},{"icon":{"paths":["M183.59 256l-132.39 132.39v247.22l132.39 132.39h247.22l81.19-81.19v-42.42l-29.99-29.99h-42.42l-51.2 51.2h-162.38l-72.41-72.41v-29.99h409.6v-174.81l-132.39-132.39zM226.010 358.4h162.38l72.41 72.41v29.99h-307.2v-29.99z"],"attrs":[{}],"width":614,"isMulticolor":false,"isMulticolor2":false,"grid":0,"tags":["e"],"colorPermutations":{"1255001":[{}]}},"attrs":[{}],"properties":{"order":38,"id":23,"name":"e","prevSize":32,"code":101},"setIdx":0,"setId":3,"iconIdx":78},{"icon":{"paths":["M311.59 51.2l-132.39 132.39v72.41h-128v102.4h128v409.6h102.4v-409.6h204.8v-102.4h-204.8v-29.99l72.41-72.41h209.19v-102.4z"],"attrs":[{}],"width":614,"isMulticolor":false,"isMulticolor2":false,"grid":0,"tags":["f"],"colorPermutations":{"1255001":[{}]}},"attrs":[{}],"properties":{"order":39,"id":22,"name":"f","prevSize":32,"code":102},"setIdx":0,"setId":3,"iconIdx":79},{"icon":{"paths":["M563.2 256h-102.4v29.99l-29.99-29.99h-247.22l-132.39 132.39v247.22l132.39 132.39h247.22l29.99-29.99v59.98l-72.41 72.41h-162.38l-102.4-102.4h-42.42l-29.99 29.99v42.42l132.39 132.39h247.22l132.39-132.39zM460.8 593.19l-72.41 72.41h-162.38l-72.41-72.41v-162.38l72.41-72.41h162.38l72.41 72.41z"],"attrs":[{}],"width":614,"isMulticolor":false,"isMulticolor2":false,"grid":0,"tags":["g"],"colorPermutations":{"1255001":[{}]}},"attrs":[{}],"properties":{"order":40,"id":21,"name":"g","prevSize":32,"code":103},"setIdx":0,"setId":3,"iconIdx":80},{"icon":{"paths":["M563.2 388.39l-132.39-132.39h-247.22l-29.99 29.99v-234.79h-102.4v716.8h102.4v-337.19l72.41-72.41h162.38l72.41 72.41v337.19h102.4z"],"attrs":[{}],"width":614,"isMulticolor":false,"isMulticolor2":false,"grid":0,"tags":["h"],"colorPermutations":{"1255001":[{}]}},"attrs":[{}],"properties":{"order":41,"id":20,"name":"h","prevSize":32,"code":104},"setIdx":0,"setId":3,"iconIdx":81},{"icon":{"paths":["M563.2 768v-102.4h-204.8v-409.6h-307.2v102.4h204.8v307.2h-204.8v102.4z","M256 51.2v102.4h102.4v-102.4z"],"attrs":[{},{}],"width":614,"isMulticolor":false,"isMulticolor2":false,"grid":0,"tags":["i"],"colorPermutations":{"1255001":[{},{}]}},"attrs":[{},{}],"properties":{"order":59,"id":19,"name":"i","prevSize":32,"code":105},"setIdx":0,"setId":3,"iconIdx":82},{"icon":{"paths":["M256 256v102.4h204.8v439.59l-72.41 72.41h-162.38l-102.4-102.4h-42.42l-29.99 29.99v42.42l132.39 132.39h247.22l132.39-132.39v-584.41z","M460.8 51.2v102.4h102.4v-102.4z"],"attrs":[{},{}],"width":614,"isMulticolor":false,"isMulticolor2":false,"grid":0,"tags":["j"],"colorPermutations":{"1255001":[{},{}]}},"attrs":[{},{}],"properties":{"order":60,"id":18,"name":"j","prevSize":32,"code":106},"setIdx":0,"setId":3,"iconIdx":83},{"icon":{"paths":["M153.6 563.2h132.39l204.8 204.8h42.42l29.99-29.99v-42.42l-183.59-183.59 183.59-183.59v-42.42l-29.99-29.99h-42.42l-204.8 204.8h-132.39v-409.6h-102.4v716.8h102.4z"],"attrs":[{}],"width":614,"isMulticolor":false,"isMulticolor2":false,"grid":0,"tags":["k"],"colorPermutations":{"1255001":[{}]}},"attrs":[{}],"properties":{"order":42,"id":17,"name":"k","prevSize":32,"code":107},"setIdx":0,"setId":3,"iconIdx":84},{"icon":{"paths":["M563.2 768v-102.4h-204.8v-482.010l-132.39-132.39h-174.81v102.4h132.39l72.41 72.41v439.59h-204.8v102.4z"],"attrs":[{}],"width":614,"isMulticolor":false,"isMulticolor2":false,"grid":0,"tags":["l"],"colorPermutations":{"1255001":[{}]}},"attrs":[{}],"properties":{"order":43,"id":16,"name":"l","prevSize":32,"code":108},"setIdx":0,"setId":3,"iconIdx":85},{"icon":{"paths":["M183.59 256l-132.39 132.39v379.61h102.4v-337.19l51.2-51.21 51.2 51.21v337.19h102.4v-337.19l51.2-51.21 51.2 51.21v337.19h102.4v-379.61l-132.39-132.39h-42.42l-81.19 81.19-81.19-81.19z"],"attrs":[{}],"width":614,"isMulticolor":false,"isMulticolor2":false,"grid":0,"tags":["m"],"colorPermutations":{"1255001":[{}]}},"attrs":[{}],"properties":{"order":44,"id":15,"name":"m","prevSize":32,"code":109},"setIdx":0,"setId":3,"iconIdx":86},{"icon":{"paths":["M563.2 388.39l-132.39-132.39h-247.22l-29.99 29.99v-29.99h-102.4v512h102.4v-337.19l72.41-72.41h162.38l72.41 72.41v337.19h102.4z"],"attrs":[{}],"width":614,"isMulticolor":false,"isMulticolor2":false,"grid":0,"tags":["n"],"colorPermutations":{"1255001":[{}]}},"attrs":[{}],"properties":{"order":45,"id":14,"name":"n","prevSize":32,"code":110},"setIdx":0,"setId":3,"iconIdx":87},{"icon":{"paths":["M563.2 388.39l-132.39-132.39h-247.22l-132.39 132.39v247.22l132.39 132.39h247.22l132.39-132.39zM226.010 358.4h162.38l72.41 72.41v162.38l-72.41 72.41h-162.38l-72.41-72.41v-162.38z"],"attrs":[{}],"width":614,"isMulticolor":false,"isMulticolor2":false,"grid":0,"tags":["o"],"colorPermutations":{"1255001":[{}]}},"attrs":[{}],"properties":{"order":46,"id":13,"name":"o","prevSize":32,"code":111},"setIdx":0,"setId":3,"iconIdx":88},{"icon":{"paths":["M153.6 738.010l29.99 29.99h247.22l132.39-132.39v-247.22l-132.39-132.39h-247.22l-29.99 29.99v-29.99h-102.4v716.8h102.4zM153.6 430.81l72.41-72.41h162.38l72.41 72.41v162.38l-72.41 72.41h-162.38l-72.41-72.41z"],"attrs":[{}],"width":614,"isMulticolor":false,"isMulticolor2":false,"grid":0,"tags":["p"],"colorPermutations":{"1255001":[{}]}},"attrs":[{}],"properties":{"order":47,"id":12,"name":"p","prevSize":32,"code":112},"setIdx":0,"setId":3,"iconIdx":89},{"icon":{"paths":["M460.8 972.8h102.4v-716.8h-102.4v29.99l-29.99-29.99h-247.22l-132.39 132.39v247.22l132.39 132.39h247.22l29.99-29.99zM460.8 593.19l-72.41 72.41h-162.38l-72.41-72.41v-162.38l72.41-72.41h162.38l72.41 72.41z"],"attrs":[{}],"width":614,"isMulticolor":false,"isMulticolor2":false,"grid":0,"tags":["q"],"colorPermutations":{"1255001":[{}]}},"attrs":[{}],"properties":{"order":48,"id":11,"name":"q","prevSize":32,"code":113},"setIdx":0,"setId":3,"iconIdx":90},{"icon":{"paths":["M51.2 768h102.4v-337.19l72.41-72.41h213.58l51.2 51.2h42.42l29.99-29.99v-42.42l-81.19-81.19h-298.42l-29.99 29.99v-29.99h-102.4z"],"attrs":[{}],"width":614,"isMulticolor":false,"isMulticolor2":false,"grid":0,"tags":["r"],"colorPermutations":{"1255001":[{}]}},"attrs":[{}],"properties":{"order":49,"id":10,"name":"r","prevSize":32,"code":114},"setIdx":0,"setId":3,"iconIdx":91},{"icon":{"paths":["M430.81 768l132.39-132.39 0-42.42-132.39-132.39h-204.8l-51.21-51.2 51.21-51.2h337.19v-102.4h-379.61l-132.39 132.39v42.42l132.39 132.39h204.8l51.21 51.2-51.21 51.2h-337.19v102.4z"],"attrs":[{}],"width":614,"isMulticolor":false,"isMulticolor2":false,"grid":0,"tags":["s"],"colorPermutations":{"1255001":[{}]}},"attrs":[{}],"properties":{"order":58,"id":9,"name":"s","prevSize":32,"code":115},"setIdx":0,"setId":3,"iconIdx":92},{"icon":{"paths":[],"attrs":[],"width":614,"isMulticolor":false,"isMulticolor2":false,"grid":0,"tags":["space"],"colorPermutations":{"1255001":[]}},"attrs":[],"properties":{"order":61,"id":8,"name":"space","prevSize":32,"code":32},"setIdx":0,"setId":3,"iconIdx":93},{"icon":{"paths":["M179.2 51.2v204.8h-128v102.4h128v277.21l132.39 132.39h251.61v-102.4h-209.19l-72.41-72.41v-234.79h204.8v-102.4h-204.8v-204.8z"],"attrs":[{}],"width":614,"isMulticolor":false,"isMulticolor2":false,"grid":0,"tags":["t"],"colorPermutations":{"1255001":[{}]}},"attrs":[{}],"properties":{"order":50,"id":7,"name":"t","prevSize":32,"code":116},"setIdx":0,"setId":3,"iconIdx":94},{"icon":{"paths":["M563.2 256h-102.4v337.19l-72.41 72.41h-162.38l-72.41-72.41v-337.19h-102.4v379.61l132.39 132.39h247.22l29.99-29.99v29.99h102.4z"],"attrs":[{}],"width":614,"isMulticolor":false,"isMulticolor2":false,"grid":0,"tags":["u"],"colorPermutations":{"1255001":[{}]}},"attrs":[{}],"properties":{"order":52,"id":5,"name":"u","prevSize":32,"code":117},"setIdx":0,"setId":3,"iconIdx":95},{"icon":{"paths":["M563.2 256h-102.4v234.79l-153.6 153.61-153.6-153.61v-234.79h-102.4v277.21l234.79 234.79h42.42l234.79-234.79z"],"attrs":[{}],"width":614,"isMulticolor":false,"isMulticolor2":false,"grid":0,"tags":["v"],"colorPermutations":{"1255001":[{}]}},"attrs":[{}],"properties":{"order":53,"id":4,"name":"v","prevSize":32,"code":118},"setIdx":0,"setId":3,"iconIdx":96},{"icon":{"paths":["M430.81 768l132.39-132.39v-379.61h-102.4v337.19l-51.2 51.21-51.2-51.21v-337.19h-102.4v337.19l-51.2 51.21-51.2-51.21v-337.19h-102.4v379.61l132.39 132.39h42.42l81.19-81.19 81.19 81.19z"],"attrs":[{}],"width":614,"isMulticolor":false,"isMulticolor2":false,"grid":0,"tags":["w"],"colorPermutations":{"1255001":[{}]}},"attrs":[{}],"properties":{"order":54,"id":3,"name":"w","prevSize":32,"code":119},"setIdx":0,"setId":3,"iconIdx":97},{"icon":{"paths":["M51.2 328.41l183.588 183.59-183.588 183.59v42.42l29.99 29.99h42.42l183.587-183.592 183.592 183.592h42.42l29.99-29.99v-42.42l-183.595-183.59 183.595-183.59v-42.42l-29.99-29.99h-42.42l-183.592 183.592-183.588-183.592h-42.42l-29.99 29.99z"],"attrs":[{}],"width":614,"isMulticolor":false,"isMulticolor2":false,"grid":0,"tags":["x"],"colorPermutations":{"1255001":[{}]}},"attrs":[{}],"properties":{"order":55,"id":2,"name":"x","prevSize":32,"code":120},"setIdx":0,"setId":3,"iconIdx":98},{"icon":{"paths":["M460.8 797.99l-72.4 72.41h-162.39l-102.399-102.4h-42.42l-29.981 29.99v42.42l132.39 132.39h247.21l132.39-132.39v-584.41h-102.4v337.2l-72.4 72.4h-162.39l-72.41-72.41v-337.19h-102.4v379.61l132.4 132.39h247.21l29.99-29.99z"],"attrs":[{}],"width":614,"isMulticolor":false,"isMulticolor2":false,"grid":0,"tags":["y"],"colorPermutations":{"1255001":[{}]}},"attrs":[{}],"properties":{"order":56,"id":1,"name":"y","prevSize":32,"code":121},"setIdx":0,"setId":3,"iconIdx":99},{"icon":{"paths":["M563.2 768v-102.4h-409.6v-29.99l72.41-72.41h204.8l132.39-132.39v-174.81h-512v102.4h409.6v29.99l-72.41 72.41h-204.8l-132.39 132.39v174.81z"],"attrs":[{}],"width":614,"isMulticolor":false,"isMulticolor2":false,"grid":0,"tags":["z"],"colorPermutations":{"1255001":[{}]}},"attrs":[{}],"properties":{"order":57,"id":0,"name":"z","prevSize":32,"code":122},"setIdx":0,"setId":3,"iconIdx":100}],"height":1024,"metadata":{"name":"asm"},"preferences":{"showGlyphs":true,"showQuickUse":true,"showQuickUse2":true,"showSVGs":true,"fontPref":{"prefix":"icon-","metadata":{"fontFamily":"asm","majorVersion":1,"minorVersion":5},"metrics":{"emSize":1024,"baseline":25,"whitespace":100},"embed":false,"showSelector":false,"showMetrics":true,"showMetadata":false,"showVersion":true,"noie8":true,"ie7":false},"imagePref":{"prefix":"icon-","png":true,"useClassSelector":true,"color":0,"bgColor":16777215,"classSelector":".icon","name":"icomoon"},"historySize":50,"showCodes":true,"gridSize":16,"showGrid":false,"showLiga":false}}